Transaction Date, Transactions , Amount Paid 
6/1/2022," 29,288 "," $97,014.15 "
6/2/2022," 29,599 "," $98,530.75 "
6/3/2022," 29,640 "," $98,441.15 "
6/4/2022," 31,957 "," $113,431.20 "
6/5/2022," 17,815 "," $65,891.65 "
6/6/2022," 24,541 "," $80,289.90 "
6/7/2022," 27,713 "," $94,833.20 "
6/8/2022," 29,117 "," $97,721.55 "
6/9/2022," 29,764 "," $101,386.75 "
6/10/2022," 30,447 "," $101,105.80 "
6/11/2022," 32,668 "," $117,243.10 "
6/12/2022," 19,196 "," $70,519.50 "
6/13/2022," 25,008 "," $83,847.20 "
6/14/2022," 27,851 "," $94,806.95 "
6/15/2022," 29,224 "," $99,525.55 "
6/16/2022," 29,494 "," $101,751.60 "
6/17/2022," 30,547 "," $101,963.15 "
6/18/2022," 32,566 "," $115,309.70 "
6/19/2022," 18,552 "," $71,392.60 "
6/20/2022," 25,781 "," $86,460.45 "
6/21/2022," 28,129 "," $96,535.00 "
6/22/2022," 29,245 "," $99,661.30 "
6/23/2022," 29,271 "," $100,648.15 "
6/24/2022," 30,082 "," $100,825.95 "
6/25/2022," 31,143 "," $113,199.15 "
6/26/2022," 17,810 "," $70,215.90 "
6/27/2022," 25,516 "," $83,250.85 "
6/28/2022," 28,699 "," $96,018.45 "
6/29/2022," 30,253 "," $100,957.40 "
6/30/2022," 30,488 "," $96,114.65 "
7/1/2022," 15,047 "," $56,345.10 "
7/2/2022," 24,910 "," $89,374.65 "
7/3/2022," 15,808 "," $59,102.90 "
7/4/2022," 24,297 "," $77,883.70 "
7/5/2022," 26,994 "," $90,071.55 "
7/6/2022," 27,594 "," $92,892.05 "
7/7/2022," 27,803 "," $93,671.75 "
7/8/2022," 13,293 "," $47,042.05 "
7/9/2022," 28,781 "," $105,508.80 "
7/10/2022," 16,966 "," $63,668.80 "
7/11/2022," 23,604 "," $76,880.50 "
7/12/2022," 26,325 "," $88,363.10 "
7/13/2022," 27,796 "," $92,741.85 "
7/14/2022," 27,571 "," $92,285.15 "
7/15/2022," 28,746 "," $94,611.75 "
7/16/2022," 28,108 "," $101,676.45 "
7/17/2022," 17,505 "," $65,281.05 "
7/18/2022," 24,674 "," $80,124.60 "
7/19/2022," 27,299 "," $91,703.90 "
7/20/2022," 28,384 "," $95,266.45 "
7/21/2022," 28,031 "," $93,413.70 "
7/22/2022," 29,002 "," $94,359.70 "
7/23/2022," 29,035 "," $103,037.20 "
7/24/2022," 17,381 "," $62,831.50 "
7/25/2022," 24,693 "," $80,084.70 "
7/26/2022," 27,230 "," $92,005.90 "
7/27/2022," 26,317 "," $87,852.80 "
7/28/2022," 28,687 "," $95,458.20 "
7/29/2022," 28,645 "," $93,653.25 "
7/30/2022," 25,394 "," $91,489.30 "
7/31/2022," 15,897 "," $60,084.25 "
8/1/2022," 14,500 "," $53,378.75 "
8/2/2022," 25,686 "," $83,136.80 "
8/3/2022," 27,016 "," $90,951.65 "
8/4/2022," 27,799 "," $93,562.85 "
8/5/2022," 28,685 "," $93,618.10 "
8/6/2022," 28,741 "," $101,517.65 "
8/7/2022," 17,201 "," $61,578.40 "
8/8/2022," 24,316 "," $79,237.25 "
8/9/2022," 26,605 "," $88,365.55 "
8/10/2022," 27,350 "," $91,919.20 "
8/11/2022," 27,617 "," $92,420.45 "
8/12/2022," 28,515 "," $93,562.45 "
8/13/2022," 29,375 "," $104,194.60 "
8/14/2022," 18,086 "," $67,901.60 "
8/15/2022," 24,187 "," $79,547.10 "
8/16/2022," 26,689 "," $90,235.65 "
8/17/2022," 27,619 "," $93,419.50 "
8/18/2022," 27,823 "," $92,697.10 "
8/19/2022," 28,672 "," $93,686.45 "
8/20/2022," 29,708 "," $109,622.25 "
8/21/2022," 17,707 "," $65,552.00 "
8/22/2022," 24,373 "," $80,407.35 "
8/23/2022," 27,323 "," $91,791.10 "
8/24/2022," 27,589 "," $93,705.15 "
8/25/2022," 28,228 "," $95,616.45 "
8/26/2022," 29,086 "," $96,908.15 "
8/27/2022," 29,665 "," $110,478.85 "
8/28/2022," 18,232 "," $70,905.50 "
8/29/2022," 24,813 "," $83,180.70 "
8/30/2022," 27,892 "," $93,909.25 "
8/31/2022," 28,254 "," $95,822.65 "
9/1/2022," 28,282 "," $95,357.95 "
9/2/2022," 28,940 "," $96,289.95 "
9/3/2022," 27,689 "," $101,130.25 "
9/4/2022," 17,924 "," $67,294.95 "
9/5/2022," 15,013 "," $56,997.85 "
9/6/2022," 27,304 "," $87,910.20 "
9/7/2022," 28,478 "," $95,237.35 "
9/8/2022," 28,707 "," $98,344.65 "
9/9/2022," 28,677 "," $95,842.20 "
9/10/2022," 31,791 "," $114,596.70 "
9/11/2022," 18,791 "," $67,980.40 "
9/12/2022," 25,448 "," $86,925.55 "
9/13/2022," 27,956 "," $96,696.95 "
9/14/2022," 27,835 "," $96,761.50 "
9/15/2022," 28,829 "," $99,372.80 "
9/16/2022," 29,646 "," $99,557.05 "
9/17/2022," 31,924 "," $116,562.40 "
9/18/2022," 18,144 "," $66,588.40 "
9/19/2022," 25,166 "," $83,761.10 "
9/20/2022," 28,007 "," $96,678.45 "
9/21/2022," 28,181 "," $97,260.60 "
9/22/2022," 29,227 "," $99,825.25 "
9/23/2022," 30,787 "," $102,506.75 "
9/24/2022," 34,015 "," $121,703.45 "
9/25/2022," 17,951 "," $64,734.90 "
9/26/2022," 24,753 "," $82,499.25 "
9/27/2022," 27,334 "," $93,316.95 "
9/28/2022," 28,759 "," $100,339.90 "
9/29/2022," 29,758 "," $102,216.75 "
9/30/2022," 31,913 "," $106,332.35 "
10/1/2022," 34,108 "," $121,125.95 "
10/2/2022," 18,984 "," $68,790.15 "
10/3/2022," 25,181 "," $82,572.95 "
10/4/2022," 27,871 "," $93,021.10 "
10/5/2022," 27,768 "," $95,435.90 "
10/6/2022," 30,207 "," $101,680.35 "
10/7/2022," 31,114 "," $100,710.65 "
10/8/2022," 31,316 "," $106,057.65 "
10/9/2022," 15,156 "," $53,053.20 "
10/10/2022," 12,794 "," $47,877.50 "
10/11/2022," 27,074 "," $91,384.35 "
10/12/2022," 29,004 "," $99,223.75 "
10/13/2022," 30,130 "," $103,342.10 "
10/14/2022," 32,112 "," $107,051.10 "
10/15/2022," 36,387 "," $125,706.55 "
10/16/2022," 18,592 "," $66,951.60 "
10/17/2022," 26,127 "," $88,616.85 "
10/18/2022," 29,019 "," $100,287.35 "
10/19/2022," 30,163 "," $104,029.05 "
10/20/2022," 30,717 "," $105,416.05 "
10/21/2022," 32,273 "," $108,024.80 "
10/22/2022," 36,909 "," $132,585.60 "
10/23/2022," 20,211 "," $72,977.35 "
10/24/2022," 26,087 "," $86,658.90 "
10/25/2022," 29,177 "," $101,833.85 "
10/26/2022," 29,466 "," $103,065.00 "
10/27/2022," 31,477 "," $108,858.55 "
10/28/2022," 33,415 "," $111,681.20 "
10/29/2022," 37,837 "," $130,699.90 "
10/30/2022," 20,761 "," $73,434.00 "
10/31/2022," 25,862 "," $83,473.20 "
11/1/2022," 29,231 "," $98,682.60 "
11/2/2022," 29,803 "," $99,344.50 "
11/3/2022," 30,966 "," $101,403.65 "
11/4/2022," 33,068 "," $106,333.05 "
11/5/2022," 39,231 "," $135,868.85 "
11/6/2022," 21,666 "," $76,348.65 "
11/7/2022," 26,825 "," $86,971.80 "
11/8/2022," 29,827 "," $99,783.10 "
11/9/2022," 31,002 "," $104,295.15 "
11/10/2022," 32,330 "," $109,438.70 "
11/11/2022," 34,897 "," $114,624.80 "
11/12/2022," 39,136 "," $134,595.10 "
11/13/2022," 21,116 "," $73,877.65 "
11/14/2022," 27,591 "," $88,385.40 "
11/15/2022," 27,560 "," $93,237.90 "
11/16/2022," 28,361 "," $95,969.55 "
11/17/2022," 32,175 "," $107,857.65 "
11/18/2022," 34,732 "," $112,569.90 "
11/19/2022," 39,995 "," $134,807.90 "
11/20/2022," 19,103 "," $67,400.50 "
11/21/2022," 26,958 "," $86,858.80 "
11/22/2022," 30,683 "," $101,708.30 "
11/23/2022," 31,808 "," $108,473.20 "
11/24/2022," 33,174 "," $111,720.70 "
11/25/2022," 36,017 "," $115,853.30 "
11/26/2022," 40,060 "," $137,768.40 "
11/27/2022," 20,652 "," $71,005.00 "
11/28/2022," 27,906 "," $88,865.00 "
11/29/2022," 31,563 "," $104,215.90 "
11/30/2022," 31,335 "," $105,122.95 "
12/1/2022," 33,015 "," $109,475.25 "
12/2/2022," 35,564 "," $114,760.95 "
12/3/2022," 39,882 "," $134,336.00 "
12/4/2022," 22,499 "," $79,161.35 "
12/5/2022," 28,479 "," $92,739.00 "
12/6/2022," 31,466 "," $104,842.45 "
12/7/2022," 33,309 "," $111,936.95 "
12/8/2022," 33,649 "," $111,965.00 "
12/9/2022," 36,139 "," $117,554.15 "
12/10/2022," 41,386 "," $141,047.55 "
12/11/2022," 21,112 "," $75,345.30 "
12/12/2022," 29,668 "," $95,137.15 "
12/13/2022," 33,369 "," $110,439.80 "
12/14/2022," 34,583 "," $114,580.55 "
12/15/2022," 25,724 "," $84,407.20 "
12/16/2022," 37,172 "," $117,559.75 "
12/17/2022," 42,725 "," $141,531.85 "
12/18/2022," 23,402 "," $81,381.00 "
12/19/2022," 32,967 "," $101,776.35 "
12/20/2022," 37,545 "," $117,431.75 "
12/21/2022," 39,819 "," $122,267.80 "
12/22/2022," 41,190 "," $118,959.75 "
12/23/2022," 17,391 "," $49,583.00 "
12/24/2022," 19,862 "," $56,522.65 "
12/25/2022," 4,835 "," $19,534.60 "
12/26/2022," 14,693 "," $51,260.25 "
12/27/2022," 26,168 "," $89,075.55 "
12/28/2022," 30,818 "," $102,188.25 "
12/29/2022," 32,710 "," $108,745.00 "
12/30/2022," 33,029 "," $105,862.35 "
12/31/2022," 27,554 "," $87,310.75 "
1/1/2023," 9,395 "," $36,440.30 "
1/2/2023," 21,907 "," $73,228.90 "
1/3/2023," 27,259 "," $86,277.60 "
1/4/2023," 28,457 "," $92,639.35 "
1/5/2023," 31,085 "," $99,828.80 "
1/6/2023," 33,876 "," $107,640.25 "
1/7/2023," 38,624 "," $128,731.05 "
1/8/2023," 21,132 "," $71,071.40 "
1/9/2023," 26,902 "," $84,944.70 "
1/10/2023," 30,448 "," $99,750.30 "
1/11/2023," 28,725 "," $92,946.10 "
1/12/2023," 31,754 "," $104,630.20 "
1/13/2023," 31,527 "," $102,766.50 "
1/14/2023," 36,675 "," $122,833.70 "
1/15/2023," 22,431 "," $76,371.95 "
1/16/2023," 28,360 "," $90,876.25 "
1/17/2023," 30,539 "," $101,750.85 "
1/18/2023," 32,899 "," $109,059.05 "
1/19/2023," 31,903 "," $106,660.40 "
1/20/2023," 36,322 "," $117,213.80 "
1/21/2023," 41,629 "," $140,243.20 "
1/22/2023," 20,699 "," $70,886.65 "
1/23/2023," 28,472 "," $92,727.00 "
1/24/2023," 32,199 "," $107,668.90 "
1/25/2023," 19,732 "," $65,033.30 "
1/26/2023," 29,080 "," $96,982.95 "
1/27/2023," 34,501 "," $113,147.55 "
1/28/2023," 29,673 "," $99,433.73 "
1/29/2023," 19,580 "," $68,008.05 "
1/30/2023," 28,361 "," $92,400.75 "
1/31/2023," 32,139 "," $107,171.05 "
2/1/2023," 33,237 "," $112,078.30 "
2/2/2023," 33,399 "," $111,450.20 "
2/3/2023," 33,823 "," $110,833.05 "
2/4/2023," 38,448 "," $130,095.05 "
2/5/2023," 22,652 "," $75,929.60 "
2/6/2023," 28,373 "," $92,123.55 "
2/7/2023," 32,087 "," $106,945.05 "
2/8/2023," 32,974 "," $110,665.50 "
2/9/2023," 32,867 "," $112,490.70 "
2/10/2023," 36,889 "," $118,006.35 "
2/11/2023," 43,559 "," $146,008.95 "
2/12/2023," 22,875 "," $78,217.05 "
2/13/2023," 30,268 "," $95,464.40 "
2/14/2023," 36,830 "," $118,203.40 "
2/15/2023," 32,317 "," $109,011.30 "
2/16/2023," 33,695 "," $111,257.20 "
2/17/2023," 36,013 "," $116,154.55 "
2/18/2023," 39,291 "," $132,021.20 "
2/19/2023," 23,940 "," $84,201.40 "
2/20/2023," 20,000 "," $72,272.70 "
2/21/2023," 31,657 "," $102,601.20 "
2/22/2023," 28,204 "," $92,288.65 "
2/23/2023," 23,794 "," $79,336.15 "
2/24/2023," 33,091 "," $106,984.95 "
2/25/2023," 39,409 "," $132,656.95 "
2/26/2023," 22,384 "," $75,208.35 "
2/27/2023," 25,205 "," $80,663.15 "
2/28/2023," 30,321 "," $100,551.10 "
3/1/2023," 32,647 "," $108,324.30 "
3/2/2023," 33,956 "," $112,484.10 "
3/3/2023," 32,654 "," $101,522.30 "
3/4/2023," 26,763 "," $93,332.85 "
3/5/2023," 22,101 "," $75,532.20 "
3/6/2023," 27,805 "," $90,589.65 "
3/7/2023," 32,014 "," $106,771.10 "
3/8/2023," 32,544 "," $109,373.10 "
3/9/2023," 34,420 "," $113,711.15 "
3/10/2023," 30,008 "," $98,728.65 "
3/11/2023," 41,724 "," $141,465.35 "
3/12/2023," 22,136 "," $75,506.90 "
3/13/2023," 28,509 "," $91,609.05 "
3/14/2023," 32,394 "," $108,326.10 "
3/15/2023," 33,494 "," $112,745.20 "
3/16/2023," 34,329 "," $113,576.85 "
3/17/2023," 36,601 "," $118,933.00 "
3/18/2023," 41,144 "," $141,287.10 "
3/19/2023," 23,450 "," $80,451.65 "
3/20/2023," 29,307 "," $94,564.75 "
3/21/2023," 32,511 "," $107,988.00 "
3/22/2023," 33,771 "," $111,900.80 "
3/23/2023," 35,007 "," $115,757.65 "
3/24/2023," 37,895 "," $122,208.95 "
3/25/2023," 41,685 "," $141,718.10 "
3/26/2023," 25,622 "," $88,097.65 "
3/27/2023," 30,320 "," $96,717.50 "
3/28/2023," 33,738 "," $111,847.10 "
3/29/2023," 34,338 "," $114,268.10 "
3/30/2023," 36,309 "," $119,928.45 "
3/31/2023," 38,942 "," $124,911.05 "
4/1/2023," 46,046 "," $155,724.85 "
4/2/2023," 25,831 "," $87,185.40 "
4/3/2023," 31,258 "," $100,385.10 "
4/4/2023," 35,299 "," $114,198.55 "
4/5/2023," 34,898 "," $115,144.05 "
4/6/2023," 39,580 "," $122,741.55 "
4/7/2023," 26,221 "," $90,904.65 "
4/8/2023," 39,894 "," $128,597.45 "
4/9/2023," 17,254 "," $60,385.00 "
4/10/2023," 27,545 "," $88,567.65 "
4/11/2023," 32,485 "," $106,685.45 "
4/12/2023," 33,833 "," $112,114.15 "
4/13/2023," 35,563 "," $117,212.60 "
4/14/2023," 37,924 "," $120,900.10 "
4/15/2023," 44,217 "," $150,645.30 "
4/16/2023," 24,317 "," $83,638.45 "
4/17/2023," 30,465 "," $95,724.00 "
4/18/2023," 34,497 "," $112,034.80 "
4/19/2023," 35,461 "," $115,524.00 "
4/20/2023," 36,654 "," $120,060.90 "
4/21/2023," 39,236 "," $126,167.40 "
4/22/2023," 45,706 "," $151,622.40 "
4/23/2023," 25,690 "," $87,074.00 "
4/24/2023," 31,669 "," $99,925.40 "
4/25/2023," 34,810 "," $113,053.35 "
4/26/2023," 35,889 "," $116,711.65 "
4/27/2023," 36,359 "," $119,515.05 "
4/28/2023," 39,040 "," $125,157.65 "
4/29/2023," 45,324 "," $152,662.25 "
4/30/2023," 24,037 "," $83,074.20 "
5/1/2023," 31,840 "," $98,748.20 "
5/2/2023," 34,320 "," $111,065.20 "
5/3/2023," 36,130 "," $117,671.80 "
5/4/2023," 36,621 "," $117,977.65 "
5/5/2023," 38,904 "," $122,187.65 "
5/6/2023," 44,702 "," $155,559.60 "
5/7/2023," 23,376 "," $80,079.50 "
5/8/2023," 31,158 "," $98,873.20 "
5/9/2023," 33,481 "," $108,341.30 "
5/10/2023," 34,108 "," $111,099.50 "
5/11/2023," 34,595 "," $112,548.10 "
5/12/2023," 37,602 "," $119,464.60 "
5/13/2023," 45,642 "," $154,375.65 "
5/14/2023," 25,292 "," $87,759.00 "
5/15/2023," 30,447 "," $95,262.75 "
5/16/2023," 33,705 "," $110,099.95 "
5/17/2023," 35,482 "," $115,013.95 "
5/18/2023," 36,362 "," $117,338.80 "
5/19/2023," 37,364 "," $115,452.65 "
5/20/2023," 39,027 "," $130,259.85 "
5/21/2023," 22,602 "," $80,426.70 "
5/22/2023," 18,557 "," $64,364.15 "
5/23/2023," 33,214 "," $104,985.55 "
5/24/2023," 35,157 "," $114,342.30 "
5/25/2023," 36,030 "," $116,895.25 "
5/26/2023," 37,911 "," $120,211.90 "
5/27/2023," 42,923 "," $149,999.35 "
5/28/2023," 25,261 "," $90,098.40 "
5/29/2023," 31,334 "," $97,817.65 "
5/30/2023," 34,223 "," $110,101.10 "
5/31/2023," 35,563 "," $116,540.90 "
6/1/2023," 35,757 "," $115,006.00 "
6/2/2023," 38,444 "," $122,074.85 "
6/3/2023," 41,501 "," $143,544.50 "
6/4/2023," 22,757 "," $78,723.80 "
6/5/2023," 30,539 "," $95,639.75 "
6/6/2023," 33,316 "," $107,361.25 "
6/7/2023," 34,706 "," $112,400.75 "
6/8/2023," 35,654 "," $116,765.50 "
6/9/2023," 38,156 "," $121,946.35 "
6/10/2023," 40,551 "," $143,791.50 "
6/11/2023," 23,303 "," $81,441.45 "
6/12/2023," 30,693 "," $99,504.00 "
6/13/2023," 30,575 "," $102,218.05 "
6/14/2023," 35,481 "," $116,819.60 "
6/15/2023," 36,167 "," $118,993.30 "
6/16/2023," 37,420 "," $118,465.30 "
6/17/2023," 39,490 "," $137,548.55 "
6/18/2023," 22,767 "," $82,795.55 "
6/19/2023," 31,095 "," $98,890.50 "
6/20/2023," 34,254 "," $112,406.95 "
6/21/2023," 34,753 "," $115,591.70 "
6/22/2023," 35,970 "," $118,839.40 "
6/23/2023," 36,438 "," $115,356.70 "
6/24/2023," 39,430 "," $135,668.05 "
6/25/2023," 22,119 "," $83,208.40 "
6/26/2023," 31,520 "," $98,317.60 "
6/27/2023," 35,401 "," $115,955.80 "
6/28/2023," 36,007 "," $115,831.55 "
6/29/2023," 35,592 "," $114,006.20 "
6/30/2023," 36,714 "," $111,268.20 "
7/1/2023," 24,587 "," $89,635.65 "
7/2/2023," 19,873 "," $68,488.05 "
7/3/2023," 23,629 "," $79,557.90 "
7/4/2023," 33,010 "," $103,534.80 "
7/5/2023," 33,402 "," $107,429.95 "
7/6/2023," 34,354 "," $109,973.25 "
7/7/2023," 35,399 "," $111,868.30 "
7/8/2023," 35,954 "," $126,787.40 "
7/9/2023," 21,743 "," $76,627.75 "
7/10/2023," 29,995 "," $94,536.45 "
7/11/2023," 32,676 "," $106,347.95 "
7/12/2023," 33,605 "," $109,399.35 "
7/13/2023," 34,116 "," $108,466.50 "
7/14/2023," 35,125 "," $110,048.30 "
7/15/2023," 37,089 "," $125,067.15 "
7/16/2023," 22,422 "," $79,486.50 "
7/17/2023," 29,599 "," $91,857.40 "
7/18/2023," 33,074 "," $107,097.85 "
7/19/2023," 33,412 "," $109,396.35 "
7/20/2023," 34,044 "," $111,072.30 "
7/21/2023," 35,860 "," $111,742.45 "
7/22/2023," 35,080 "," $122,870.75 "
7/23/2023," 20,816 "," $72,971.10 "
7/24/2023," 29,788 "," $94,226.60 "
7/25/2023," 33,812 "," $109,489.20 "
7/26/2023," 33,469 "," $109,543.15 "
7/27/2023," 35,081 "," $112,652.40 "
7/28/2023," 35,738 "," $111,423.55 "
7/29/2023," 35,945 "," $120,864.00 "
7/30/2023," 21,991 "," $79,160.90 "
7/31/2023," 29,511 "," $92,271.20 "
8/1/2023," 32,820 "," $104,585.45 "
8/2/2023," 33,188 "," $107,720.25 "
8/3/2023," 33,854 "," $108,389.95 "
8/4/2023," 34,993 "," $108,802.25 "
8/5/2023," 31,313 "," $110,742.90 "
8/6/2023," 19,269 "," $69,209.30 "
8/7/2023," 19,810 "," $69,033.00 "
8/8/2023," 32,126 "," $101,588.90 "
8/9/2023," 33,100 "," $107,015.70 "
8/10/2023," 34,096 "," $108,887.95 "
8/11/2023," 34,329 "," $107,806.70 "
8/12/2023," 35,473 "," $121,815.15 "
8/13/2023," 21,446 "," $75,767.15 "
8/14/2023," 30,273 "," $94,257.15 "
8/15/2023," 33,731 "," $108,951.50 "
8/16/2023," 33,843 "," $110,992.25 "
8/17/2023," 34,952 "," $112,728.50 "
8/18/2023," 36,501 "," $114,110.60 "
8/19/2023," 35,965 "," $124,921.55 "
8/20/2023," 21,493 "," $77,059.50 "
8/21/2023," 29,642 "," $94,104.85 "
8/22/2023," 33,244 "," $107,051.15 "
8/23/2023," 34,354 "," $110,400.20 "
8/24/2023," 34,572 "," $112,953.50 "
8/25/2023," 36,523 "," $115,240.40 "
8/26/2023," 36,618 "," $126,024.65 "
8/27/2023," 22,807 "," $82,808.20 "
8/28/2023," 30,000 "," $97,312.45 "
8/29/2023," 33,367 "," $107,988.40 "
8/30/2023," 34,991 "," $114,317.10 "
8/31/2023," 36,139 "," $115,187.40 "
9/1/2023," 35,877 "," $112,527.70 "
9/2/2023," 34,497 "," $118,713.15 "
9/3/2023," 20,877 "," $75,781.70 "
9/4/2023," 19,085 "," $68,810.20 "
9/5/2023," 32,870 "," $100,824.45 "
9/6/2023," 34,582 "," $111,426.90 "
9/7/2023," 35,071 "," $113,670.25 "
9/8/2023," 36,864 "," $116,788.05 "
9/9/2023," 39,527 "," $133,690.85 "
9/10/2023," 22,743 "," $77,729.45 "
9/11/2023," 30,154 "," $97,989.75 "
9/12/2023," 34,340 "," $113,942.55 "
9/13/2023," 35,129 "," $114,263.60 "
9/14/2023," 35,524 "," $115,834.70 "
9/15/2023," 36,627 "," $115,112.30 "
9/16/2023," 38,227 "," $132,359.35 "
9/17/2023," 22,380 "," $78,038.60 "
9/18/2023," 30,801 "," $98,416.80 "
9/19/2023," 33,551 "," $110,564.90 "
9/20/2023," 34,344 "," $113,010.90 "
9/21/2023," 35,349 "," $116,859.20 "
9/22/2023," 37,249 "," $118,663.25 "
9/23/2023," 41,534 "," $141,358.25 "
9/24/2023," 23,074 "," $80,046.90 "
9/25/2023," 29,564 "," $95,377.70 "
9/26/2023," 33,658 "," $111,496.20 "
9/27/2023," 34,439 "," $113,565.15 "
9/28/2023," 35,256 "," $117,128.65 "
9/29/2023," 37,639 "," $118,804.00 "
9/30/2023," 40,485 "," $138,407.85 "
10/1/2023," 22,825 "," $79,887.30 "
10/2/2023," 32,237 "," $102,767.45 "
10/3/2023," 33,486 "," $109,603.85 "
10/4/2023," 34,515 "," $113,963.45 "
10/5/2023," 35,681 "," $115,010.05 "
10/6/2023," 38,013 "," $116,454.90 "
10/7/2023," 37,504 "," $120,561.35 "
10/8/2023," 18,024 "," $58,745.85 "
10/9/2023," 15,957 "," $56,950.10 "
10/10/2023," 33,112 "," $106,682.10 "
10/11/2023," 34,959 "," $114,460.70 "
10/12/2023," 35,924 "," $119,560.20 "
10/13/2023," 37,991 "," $119,448.30 "
10/14/2023," 43,847 "," $146,332.35 "
10/15/2023," 22,864 "," $78,220.70 "
10/16/2023," 31,415 "," $100,321.40 "
10/17/2023," 35,006 "," $114,812.70 "
10/18/2023," 35,225 "," $116,481.55 "
10/19/2023," 36,693 "," $120,632.85 "
10/20/2023," 40,224 "," $128,154.40 "
10/21/2023," 44,935 "," $153,600.25 "
10/22/2023," 25,072 "," $84,540.70 "
10/23/2023," 31,295 "," $100,584.50 "
10/24/2023," 34,516 "," $112,265.55 "
10/25/2023," 35,280 "," $115,716.85 "
10/26/2023," 37,362 "," $121,485.60 "
10/27/2023," 39,620 "," $123,369.30 "
10/28/2023," 44,416 "," $146,600.05 "
10/29/2023," 24,331 "," $83,829.65 "
10/30/2023," 32,233 "," $100,881.75 "
10/31/2023," 33,892 "," $106,120.60 "
11/1/2023," 35,768 "," $117,493.80 "
11/2/2023," 37,366 "," $121,592.20 "
11/3/2023," 39,612 "," $125,127.80 "
11/4/2023," 45,107 "," $154,089.75 "
11/5/2023," 24,634 "," $85,363.05 "
11/6/2023," 31,182 "," $100,674.35 "
11/7/2023," 35,209 "," $116,259.20 "
11/8/2023," 34,809 "," $116,265.20 "
11/9/2023," 37,309 "," $123,755.70 "
11/10/2023," 40,079 "," $128,436.95 "
11/11/2023," 45,519 "," $153,132.30 "
11/12/2023," 24,612 "," $85,284.60 "
11/13/2023," 33,241 "," $105,454.35 "
11/14/2023," 35,134 "," $115,055.30 "
11/15/2023," 36,176 "," $119,334.05 "
11/16/2023," 36,628 "," $121,706.65 "
11/17/2023," 39,879 "," $127,303.50 "
11/18/2023," 45,427 "," $156,106.15 "
11/19/2023," 24,634 "," $84,013.10 "
11/20/2023," 32,845 "," $105,618.85 "
11/21/2023," 34,404 "," $115,720.65 "
11/22/2023," 36,682 "," $120,200.30 "
11/23/2023," 38,798 "," $128,179.45 "
11/24/2023," 41,382 "," $130,669.90 "
11/25/2023," 46,902 "," $158,373.30 "
11/26/2023," 22,872 "," $78,636.15 "
11/27/2023," 32,317 "," $101,963.85 "
11/28/2023," 35,370 "," $114,550.60 "
11/29/2023," 36,389 "," $120,057.80 "
11/30/2023," 37,769 "," $124,282.60 "
12/1/2023," 40,081 "," $126,153.10 "
12/2/2023," 47,222 "," $155,409.35 "
12/3/2023," 25,508 "," $85,891.30 "
12/4/2023," 34,094 "," $107,588.70 "
12/5/2023," 36,974 "," $120,380.15 "
12/6/2023," 38,309 "," $123,602.15 "
12/7/2023," 39,260 "," $128,427.05 "
12/8/2023," 42,701 "," $134,539.70 "
12/9/2023," 48,278 "," $160,021.50 "
12/10/2023," 26,349 "," $90,460.65 "
12/11/2023," 34,643 "," $108,648.90 "
12/12/2023," 38,206 "," $123,282.20 "
12/13/2023," 39,308 "," $126,452.40 "
12/14/2023," 40,486 "," $130,921.50 "
12/15/2023," 43,958 "," $137,350.65 "
12/16/2023," 49,550 "," $161,463.85 "
12/17/2023," 26,713 "," $89,313.10 "
12/18/2023," 37,550 "," $113,462.60 "
12/19/2023," 41,800 "," $128,355.10 "
12/20/2023," 43,845 "," $133,418.50 "
12/21/2023," 46,715 "," $138,772.05 "
12/22/2023," 48,839 "," $136,956.30 "
12/23/2023," 44,270 "," $129,160.25 "
12/24/2023," 19,603 "," $55,973.95 "
12/25/2023," 8,224 "," $32,545.60 "
12/26/2023," 19,335 "," $66,939.85 "
12/27/2023," 33,417 "," $108,218.00 "
12/28/2023," 36,878 "," $119,198.20 "
12/29/2023," 37,493 "," $120,182.80 "
12/30/2023," 38,112 "," $126,004.50 "
12/31/2023," 20,617 "," $65,092.45 "
1/1/2024," 12,118 "," $46,533.45 "
1/2/2024," 30,842 "," $94,506.25 "
1/3/2024," 33,854 "," $106,844.40 "
1/4/2024," 35,608 "," $112,476.00 "
1/5/2024," 37,262 "," $117,204.05 "
1/6/2024," 42,052 "," $137,543.40 "
1/7/2024," 22,909 "," $73,249.85 "
1/8/2024," 31,128 "," $97,283.05 "
1/9/2024," 28,251 "," $92,608.65 "
1/10/2024," 36,349 "," $117,097.90 "
1/11/2024," 36,752 "," $119,126.10 "
1/12/2024," 38,174 "," $117,889.40 "
1/13/2024," 43,496 "," $141,414.80 "
1/14/2024," 24,899 "," $82,354.50 "
1/15/2024," 32,068 "," $110,552.30 "
1/16/2024," 34,488 "," $122,640.90 "
1/17/2024," 37,062 "," $132,144.90 "
1/18/2024," 38,055 "," $136,596.90 "
1/19/2024," 41,402 "," $143,529.70 "
1/20/2024," 46,735 "," $171,560.65 "
1/21/2024," 25,277 "," $95,938.85 "
1/22/2024," 32,437 "," $114,580.65 "
1/23/2024," 34,230 "," $124,819.80 "
1/24/2024," 35,958 "," $131,688.25 "
1/25/2024," 38,289 "," $139,608.65 "
1/26/2024," 41,685 "," $151,143.35 "
1/27/2024," 48,109 "," $182,482.10 "
1/28/2024," 24,878 "," $95,586.95 "
1/29/2024," 33,503 "," $121,088.05 "
1/30/2024," 36,943 "," $137,644.60 "
1/31/2024," 37,819 "," $140,814.05 "
2/1/2024," 38,223 "," $143,634.00 "
2/2/2024," 41,128 "," $151,003.45 "
2/3/2024," 48,504 "," $190,615.80 "
2/4/2024," 25,174 "," $100,444.00 "
2/5/2024," 32,497 "," $121,053.60 "
2/6/2024," 36,449 "," $140,313.40 "
2/7/2024," 36,998 "," $143,210.10 "
2/8/2024," 37,911 "," $147,451.85 "
2/9/2024," 40,826 "," $157,476.05 "
2/10/2024," 48,551 "," $198,732.80 "
2/11/2024," 23,547 "," $98,742.90 "
2/12/2024," 33,146 "," $128,891.00 "
2/13/2024," 38,309 "," $152,042.35 "
2/14/2024," 42,599 "," $168,654.40 "
2/15/2024," 31,656 "," $134,892.80 "
2/16/2024," 40,846 "," $163,117.95 "
2/17/2024," 44,026 "," $184,984.35 "
2/18/2024," 23,721 "," $105,028.65 "
2/19/2024," 25,532 "," $113,678.45 "
2/20/2024," 35,929 "," $145,539.25 "
2/21/2024," 36,795 "," $151,174.25 "
2/22/2024," 38,730 "," $158,505.15 "
2/23/2024," 40,962 "," $163,750.50 "
2/24/2024," 46,971 "," $199,897.55 "
2/25/2024," 23,347 "," $102,447.90 "
2/26/2024," 32,572 "," $133,321.90 "
2/27/2024," 34,572 "," $150,116.40 "
2/28/2024," 36,576 "," $154,352.35 "
2/29/2024," 38,815 "," $163,091.00 "
3/1/2024," 41,806 "," $171,450.45 "
3/2/2024," 48,514 "," $209,394.20 "
3/3/2024," 22,742 "," $103,833.40 "
3/4/2024," 32,566 "," $134,691.35 "
3/5/2024," 36,343 "," $153,584.80 "
3/6/2024," 36,920 "," $155,754.45 "
3/7/2024," 37,902 "," $159,479.30 "
3/8/2024," 41,518 "," $168,474.70 "
3/9/2024," 47,668 "," $206,976.15 "
3/10/2024," 22,284 "," $101,131.30 "
3/11/2024," 32,343 "," $132,188.20 "
3/12/2024," 35,373 "," $149,310.80 "
3/13/2024," 36,441 "," $155,575.95 "
3/14/2024," 36,644 "," $155,146.40 "
3/15/2024," 40,821 "," $166,957.85 "
3/16/2024," 45,450 "," $199,099.30 "
3/17/2024," 22,366 "," $101,505.35 "
3/18/2024," 32,451 "," $132,006.25 "
3/19/2024," 35,078 "," $147,604.45 "
3/20/2024," 36,325 "," $152,674.55 "
3/21/2024," 38,641 "," $162,748.00 "
3/22/2024," 34,574 "," $143,335.00 "
3/23/2024," 46,397 "," $203,591.70 "
3/24/2024," 23,371 "," $107,124.50 "
3/25/2024," 31,727 "," $129,897.95 "
3/26/2024," 37,205 "," $155,538.45 "
3/27/2024," 38,394 "," $161,009.95 "
3/28/2024," 43,328 "," $173,063.85 "
3/29/2024," 32,820 "," $145,702.40 "
3/30/2024," 45,292 "," $189,450.95 "
3/31/2024," 19,629 "," $91,240.55 "
4/1/2024," 30,832 "," $125,398.70 "
4/2/2024," 36,255 "," $150,429.20 "
4/3/2024," 35,490 "," $153,518.25 "
4/4/2024," 39,035 "," $162,280.80 "
4/5/2024," 42,941 "," $173,598.45 "
4/6/2024," 49,467 "," $216,274.60 "
4/7/2024," 26,788 "," $117,664.60 "
4/8/2024," 29,533 "," $118,125.85 "
4/9/2024," 36,146 "," $152,584.35 "
4/10/2024," 37,394 "," $157,383.80 "
4/11/2024," 37,667 "," $158,963.90 "
4/12/2024," 41,863 "," $171,035.05 "
4/13/2024," 49,739 "," $213,926.00 "
4/14/2024," 27,278 "," $119,624.25 "
4/15/2024," 33,177 "," $133,070.15 "
4/16/2024," 36,228 "," $150,493.40 "
4/17/2024," 37,416 "," $159,152.70 "
4/18/2024," 39,444 "," $165,467.00 "
4/19/2024," 42,625 "," $170,331.10 "
4/20/2024," 49,822 "," $213,026.85 "
4/21/2024," 27,893 "," $118,880.10 "
4/22/2024," 33,950 "," $136,991.40 "
4/23/2024," 36,094 "," $148,109.30 "
4/24/2024," 37,341 "," $156,559.45 "
4/25/2024," 38,689 "," $162,231.20 "
4/26/2024," 41,072 "," $166,263.20 "
4/27/2024," 48,501 "," $206,686.05 "
4/28/2024," 26,584 "," $116,683.70 "
4/29/2024," 33,799 "," $134,341.00 "
4/30/2024," 37,219 "," $151,733.05 "
5/1/2024," 37,636 "," $156,179.25 "
5/2/2024," 37,622 "," $156,021.55 "
5/3/2024," 40,666 "," $163,070.40 "
5/4/2024," 47,364 "," $205,392.95 "
5/5/2024," 25,634 "," $113,035.00 "
5/6/2024," 32,717 "," $130,810.65 "
5/7/2024," 35,580 "," $147,462.70 "
5/8/2024," 36,445 "," $151,665.30 "
5/9/2024," 37,734 "," $156,934.15 "
5/10/2024," 41,092 "," $164,082.70 "
5/11/2024," 48,164 "," $205,135.50 "
5/12/2024," 26,743 "," $121,122.65 "
5/13/2024," 32,591 "," $131,094.40 "
5/14/2024," 35,314 "," $145,164.25 "
5/15/2024," 35,561 "," $147,331.95 "
5/16/2024," 36,540 "," $151,236.70 "
5/17/2024," 38,592 "," $152,070.80 "
5/18/2024," 40,509 "," $177,280.90 "
5/19/2024," 23,152 "," $105,953.65 "
5/20/2024," 22,000 "," $99,557.95 "
5/21/2024," 34,027 "," $138,779.65 "
5/22/2024," 35,902 "," $148,916.90 "
5/23/2024," 36,945 "," $154,968.45 "
5/24/2024," 38,942 "," $157,649.30 "
5/25/2024," 45,737 "," $199,316.30 "
5/26/2024," 26,686 "," $120,078.40 "
5/27/2024," 32,545 "," $134,012.90 "
5/28/2024," 35,456 "," $147,975.30 "
5/29/2024," 36,218 "," $151,955.50 "
5/30/2024," 36,709 "," $155,707.00 "
5/31/2024," 39,237 "," $160,854.60 "
